"adjusted R^2","mean absolute percentage error","mean signed difference","root mean squared error","mean squared error","mean absolute error","R^2","iteration","mini child node size","tree depth"
"0.8895133685232064","0.36809110378682425","-2.5178510623608794","2775.3595194740647","7702620.462335311","1461.0190748171842","0.8895133685232064","0","14","14"
"0.8887647785612396","0.36702324419461835","-1.9728250254619917","2794.2729813952724","7807961.494555623","1472.2420762145462","0.8887647785612396","0","14","14"
"0.8861113382849735","0.36609291895438706","-4.57922220095207","2821.5571407269204","7961184.698387073","1459.012585754892","0.8861113382849735","0","14","14"
"0.8911051399290691","0.36956052866141464","-0.7587902688073035","2752.295459233734","7575130.294918632","1465.427809466561","0.8911051399290691","0","14","14"
"0.8925877793118863","0.3684714322815854","-2.1006648052872996","2707.6129371243514","7331167.817283158","1451.7666157513415","0.8925877793118863","0","14","14"
"0.8899452587904662","0.35456655203693555","1.3484124480972617","2762.47797230429","7631284.547466421","1431.0671566466538","0.8899452587904662","1","14","15"
"0.8879908494574504","0.35297229297285837","0.8995581426925229","2817.166045872366","7936424.530016142","1443.6558569830843","0.8879908494574504","1","14","15"
"0.9005327804993757","0.35264497980230614","1.0450774367089795","2616.0792636881692","6843870.713899233","1431.5208190683168","0.9005327804993757","1","14","15"
"0.8912035462009513","0.3543396052842267","3.4875667569849242","2751.545062140725","7571000.2289910065","1433.2971303733464","0.8912035462009513","1","14","15"
"0.888371663408325","0.3582092018672436","-3.589513266700512","2776.0579129396824","7706497.535995026","1426.8292314122307","0.888371663408325","1","14","15"
"0.8925674945558734","0.3396789260863359","-1.2350410680711146","2743.6293428601093","7527501.971002995","1413.723935141672","0.8925674945558734","2","14","16"
"0.8938917843532661","0.33974450747817136","-3.8248070862253463","2716.2218581397165","7377861.182635975","1412.4304433351306","0.8938917843532661","2","14","16"
"0.892999622433508","0.34258142483453224","1.9871224323889314","2722.3136702838833","7410991.719414508","1411.5558425304623","0.892999622433508","2","14","16"
"0.8931066960719904","0.341633701555469","0.3599508311012626","2729.7672546171243","7451629.264379913","1414.0786009518615","0.8931066960719904","2","14","16"
"0.8908072513194952","0.3429170850371739","2.2596896334109804","2746.0263764798547","7540660.860323082","1403.3427304288314","0.8908072513194952","2","14","16"
"0.8958013574134822","0.3318903467436086","-3.3640536477776766","2693.853105989984","7256844.556651886","1388.4003053247343","0.8958013574134822","3","14","17"
"0.8966872955935205","0.33170584928224706","0.9287537992750994","2685.7340087940124","7213167.165992755","1395.5246428328776","0.8966872955935205","3","14","17"
"0.8980855187984116","0.3283352264959072","-1.0687350466534327","2638.550856913045","6961950.624516564","1383.9783176368705","0.8980855187984116","3","14","17"
"0.8912619602667868","0.3306023241870216","0.9686868055622212","2767.621984208801","7659731.447475861","1398.5799241121265","0.8912619602667868","3","14","17"
"0.8882943127590385","0.3347066041775596","-4.380002815889427","2784.5502600220157","7753720.1505886745","1397.8927111715414","0.8882943127590385","3","14","17"
"0.8925164918582704","0.33077060522280294","-1.8657895033465408","2741.140597372327","7513851.774562719","1390.2517061682124","0.8925164918582704","4","14","18"
"0.8910719161685865","0.32202294775520424","-1.4311437509450862","2749.720148328699","7560960.894124801","1380.3527811049228","0.8910719161685865","4","14","18"
"0.8992740276000282","0.32484745396859127","-1.148309475906758","2640.7464139738045","6973541.622915508","1383.3220092352294","0.8992740276000282","4","14","18"
"0.8937665120073651","0.32662889480366336","-1.0702613292192167","2712.4037674635492","7357134.197750457","1391.757447955677","0.8937665120073651","4","14","18"
"0.8948887325025829","0.32543642358385727","-1.2760354943457872","2709.1190651695542","7339326.109265159","1383.4752458365188","0.8948887325025829","4","14","18"
"0.8982029813347676","0.3181242883804945","-2.8606762667243975","2657.0381946375755","7059851.967762906","1374.6258355246716","0.8982029813347676","5","14","19"
"0.8931100550190867","0.32111962236500213","-0.07659098653810156","2729.55466447752","7450468.666370986","1383.2409484916636","0.8931100550190867","5","14","19"
"0.8915198184358706","0.32044377279091457","-2.148915170706859","2758.767030905049","7610795.530808659","1376.8294086854476","0.8915198184358706","5","14","19"
"0.8944572061590855","0.3218046028257141","0.028146845227467993","2722.3406270229766","7411138.489539854","1373.3417802777212","0.8944572061590855","5","14","19"
"0.8960053759981434","0.3188419980705371","-4.780654718756692","2663.1044018188027","7092125.054986683","1373.1632213148853","0.8960053759981434","5","14","19"
"0.895456472515066","0.31660914086891645","-4.756721979639769","2687.7876186838803","7224202.283150364","1368.2358939430153","0.895456472515066","6","14","20"
"0.8996579641117823","0.31767609479236303","-2.4021361252363165","2636.676705085886","6952064.047142564","1370.1556922892473","0.8996579641117823","6","14","20"
"0.8889229345264736","0.32363439550945344","-5.9675337552718455","2796.636691553152","7821176.784541361","1389.8236886263987","0.8889229345264736","6","14","20"
"0.8926483237274548","0.3156981056624833","1.7328828646660004","2736.603948151834","7489001.169040206","1369.9591998687133","0.8926483237274548","6","14","20"
"0.8982234204625941","0.3137938523757909","1.0918960628793706","2651.364713420224","7029734.843569906","1362.5743171689032","0.8982234204625941","6","14","20"
"0.8957653516126931","0.3127406413307818","-1.448775848456571","2705.788490170185","7321291.353537451","1368.8204880000237","0.8957653516126931","7","14","21"
"0.9018688857759471","0.3126422510503068","-2.759558977699327","2596.223798497362","6740378.011884073","1358.0660074280001","0.9018688857759471","7","14","21"
"0.8919533353177584","0.31492975314105787","-0.36454117290869115","2744.238673745338","7530845.8984795725","1375.1676381349466","0.8919533353177584","7","14","21"
"0.8925850950430966","0.3188839833186804","-2.7431285284602147","2734.501952154152","7477500.92633487","1378.5003206330643","0.8925850950430966","7","14","21"
"0.8939394335324307","0.31400817467301356","0.8536129201755138","2712.878036788924","7359707.242491726","1360.6780016021662","0.8939394335324307","7","14","21"
"0.8927213572242403","0.3146711012500223","-1.5034710108719906","2725.0984396703684","7426161.505893878","1365.9945935825076","0.8927213572242403","8","14","22"
"0.8971747684802271","0.3141967859722391","-0.875914157585958","2686.33131094","7216375.912136619","1373.9702707144934","0.8971747684802271","8","14","22"
"0.8995023045794346","0.3130860837003064","1.288453874929413","2638.187321947517","6960032.345684612","1362.7773654311916","0.8995023045794346","8","14","22"
"0.8943887347361635","0.31245767370073363","-3.8134154709419317","2724.0971180978504","7420705.108829015","1372.3545730708145","0.8943887347361635","8","14","22"
"0.8932835533488485","0.3145396013926716","0.011409822575105227","2707.7272264588014","7331786.732906274","1367.9348275920033","0.8932835533488485","8","14","22"
"0.8999369602078907","0.3087249951914512","-0.6686597557369216","2634.0567022857167","6938254.7108563045","1353.059301712989","0.8999369602078907","9","14","23"
"0.8961599429762852","0.3142216074829766","-0.4241653160910249","2691.115970974559","7242105.169234343","1364.069102484231","0.8961599429762852","9","14","23"
"0.8974608892032054","0.3118314083705324","-2.579700076338659","2659.9565311615797","7075368.747669144","1365.2318632282813","0.8974608892032054","9","14","23"
"0.8925193393467931","0.3126414988786869","-4.162392701587305","2735.058430013179","7480544.615586157","1371.8433931111315","0.8925193393467931","9","14","23"
"0.891006518764856","0.3131932891900567","-0.30123285829370705","2761.123845996083","7623804.892928202","1374.1298545077357","0.891006518764856","9","14","23"
"0.8882073462584354","0.36535480065138565","0.7333318471722217","2786.872759805633","7766659.779346666","1455.3748344578178","0.8882073462584354","10","15","14"
"0.8860023244531156","0.37215270609998025","-1.3157934108999811","2824.000987249244","7974981.575984707","1476.8415683109133","0.8860023244531156","10","15","14"
"0.8860805447951914","0.36857958383446415","-4.400860261012196","2803.382698109202","7858954.55205803","1463.7968225691836","0.8860805447951914","10","15","14"
"0.8908884477572095","0.3728396080068721","-0.21804043517933624","2758.6346425239594","7610065.090933292","1476.488673855974","0.8908884477572095","10","15","14"
"0.8899121024379438","0.3649705541351127","-2.5400683157189907","2765.3738029168585","7647292.269858847","1462.3939688161083","0.8899121024379438","10","15","14"
"0.8899176586166694","0.36110671825619295","0.14568818389037258","2779.510511031165","7725678.680932728","1445.5294906515164","0.8899176586166694","11","15","15"
"0.8945827159903326","0.34722335324863","-1.3337319866104547","2701.0246319603834","7295534.062456725","1423.3792794960027","0.8945827159903326","11","15","15"
"0.8919155595771003","0.35322098752671294","-1.5826153865275165","2746.3776691298335","7542590.3014950175","1430.0534789967649","0.8919155595771003","11","15","15"
"0.8870839824884629","0.35401574259135116","-0.8436341092984503","2814.4678757354914","7921229.423547049","1449.4087949009106","0.8870839824884629","11","15","15"
"0.8881350726569306","0.35173545078531065","0.635743251948356","2764.225327176966","7640941.659406605","1435.6726416569038","0.8881350726569306","11","15","15"
"0.8951743472373335","0.34045034651339906","-0.5949609876888697","2695.7634540026784","7267140.599936452","1414.5782457776538","0.8951743472373335","12","15","16"
"0.8932391089235878","0.34278335674531885","-1.1735446974559334","2728.4224956033895","7444289.314514628","1416.3510786593245","0.8932391089235878","12","15","16"
"0.8905100814967868","0.339773098251767","-4.194112059867448","2763.306182153059","7635861.056325315","1415.4028202961372","0.8905100814967868","12","15","16"
"0.8885390801851494","0.3438741183388302","-2.213089843798782","2804.765983787719","7866712.223812691","1422.6621367437876","0.8885390801851494","12","15","16"
"0.8911854601126397","0.3449540547950999","-0.24766354157299725","2725.3154015756722","7427344.038065568","1417.5817377935025","0.8911854601126397","12","15","16"
"0.8943666836152471","0.3307855387634459","0.997789376206543","2711.9214206677634","7354517.79187666","1397.4473445478059","0.8943666836152471","13","15","17"
"0.8908425800241958","0.33810126193905415","-0.37945798273125986","2761.2414712081913","7624454.462319977","1410.1571036814537","0.8908425800241958","13","15","17"
"0.8895933886060335","0.33271424175035125","0.10530126486916648","2765.7193844821772","7649203.713700473","1397.8677988936545","0.8895933886060335","13","15","17"
"0.89665926665385","0.3357172029748394","-1.4894199847570897","2673.8782391590603","7149624.837848357","1403.2633037730589","0.89665926665385","13","15","17"
"0.8886651371236205","0.33355122196668663","-4.41255373560603","2785.4923245411387","7758967.490077597","1409.8719118011827","0.8886651371236205","13","15","17"
"0.8903284218378394","0.32326877573945717","-0.22493848841279343","2761.2078551777363","7624268.819495234","1389.8456547608027","0.8903284218378394","14","15","18"
"0.8950268469907285","0.3259036144972574","-7.7884108192913954","2717.660550978506","7385678.870344797","1394.5227877688483","0.8950268469907285","14","15","18"
"0.8899599871063275","0.3256515396657399","-1.7026775283176565","2767.431232003687","7658675.623869446","1388.9089154138596","0.8899599871063275","14","15","18"
"0.8972855916518103","0.32677065237347314","-0.417976005740047","2667.3276848536407","7114636.978386682","1392.8966706257097","0.8972855916518103","14","15","18"
"0.8914997423407789","0.32743950714928316","-2.0937085959975836","2733.9302163021057","7474374.427609679","1391.0589992386147","0.8914997423407789","14","15","18"
"0.8904856133698756","0.31892116603424203","-1.2652665351620496","2766.5240979761775","7653655.584682901","1384.5258978003249","0.8904856133698756","15","15","19"
"0.8975237668700855","0.32143904071979407","-4.296360463446568","2664.426221211057","7099167.088277033","1375.6079576381212","0.8975237668700855","15","15","19"
"0.8907076887045432","0.3239654826426385","0.7346942780456385","2764.393048324214","7641868.92562324","1388.6694831378302","0.8907076887045432","15","15","19"
"0.8926413938186571","0.32154096797906623","-2.7111076291616523","2720.4973115503635","7401105.622152755","1390.419568226157","0.8926413938186571","15","15","19"
"0.8923520583849668","0.3215404700889124","-4.1267676915839155","2737.353778214871","7493105.70710723","1392.1445173922102","0.8923520583849668","15","15","19"
"0.8931958031362925","0.3183806607473365","-3.009492685598548","2727.8798956103296","7441328.724875022","1381.7925379760338","0.8931958031362925","16","15","20"
"0.8905490133967908","0.31859297657955254","-0.16728516843114433","2777.9600038799153","7717061.783156499","1383.9185369686902","0.8905490133967908","16","15","20"
"0.8909634508788251","0.3186921373258808","-1.8084382911114751","2772.9631384133672","7689324.566999311","1382.5277221198382","0.8909634508788251","16","15","20"
"0.8901003341264857","0.3206559704208239","-3.5223927509856887","2750.972147295514","7567847.755195691","1382.1672339081933","0.8901003341264857","16","15","20"
"0.9001181403528881","0.3171548409463973","-2.592497879171702","2607.44847442066","6798787.546758629","1378.411952147795","0.9001181403528881","16","15","20"
"0.8935007753201502","0.3156424025787165","-2.79166761823361","2722.8310307407173","7413808.821964557","1369.756685995033","0.8935007753201502","17","15","21"
"0.8952153204004577","0.31616636373520807","-2.1630551726211147","2697.733376002206","7277765.367996261","1373.6648109195735","0.8952153204004577","17","15","21"
"0.8897525224711414","0.3131097003696767","-3.159069072345381","2784.1562811992253","7751526.198141101","1385.3684397722332","0.8897525224711414","17","15","21"
"0.9002249673741846","0.3160862237791128","-0.9007614268081996","2622.5094976881005","6877556.065464294","1377.1182590062801","0.9002249673741846","17","15","21"
"0.8911627340405355","0.31177403371683804","1.6594337017526857","2746.769784325981","7544744.248086198","1375.8209988714032","0.8911627340405355","17","15","21"
"0.8923212374503613","0.31369501228319285","0.15434153606670353","2750.7498970534734","7566624.996139694","1373.2199263010573","0.8923212374503613","18","15","22"
"0.8919439832933675","0.3116961798369724","1.980441042919933","2750.007984476829","7562543.91468631","1379.186099457197","0.8919439832933675","18","15","22"
"0.8931957578845126","0.31269701360151914","-4.547435793057405","2727.269734338446","7438000.203838499","1373.53916474642","0.8931957578845126","18","15","22"
"0.8953330492333946","0.31538959413138445","-4.6059839840585814","2680.50759687291","7185120.976893385","1377.2783964027753","0.8953330492333946","18","15","22"
"0.8939955184853992","0.3144494021265422","-0.25976727971442365","2706.123312620252","7323103.383106804","1374.1166928821478","0.8939955184853992","18","15","22"
"0.891216382764016","0.31695879351758066","-0.5919049551860218","2738.937931333862","7501780.991699413","1378.1764935185354","0.891216382764016","19","15","23"
"0.8995206114459641","0.30827448796069146","0.27919504933525285","2645.445809252941","6998383.529693949","1368.9410221643552","0.8995206114459641","19","15","23"
"0.8900391030862965","0.31635940573819443","-3.6134907845065256","2764.603514385137","7643032.591750649","1380.7139127445","0.8900391030862965","19","15","23"
"0.8899987459660433","0.31401786382324653","0.38774721158366854","2785.1490281967995","7757055.109265576","1381.8609084406573","0.8899987459660433","19","15","23"
"0.896237605117827","0.31852940373548877","1.7425364135171544","2675.625613191862","7158972.421968329","1378.858196875438","0.896237605117827","19","15","23"
"0.8834677995932767","0.3735117736250934","-3.288581652641936","2858.4648891989577","8170821.522783209","1483.1842390336724","0.8834677995932767","20","16","14"
"0.8881315058169437","0.3681323988684717","-3.6078052414318407","2786.0036642957175","7761816.417469165","1474.864712914431","0.8881315058169437","20","16","14"
"0.8807134862192896","0.37598398417188794","-1.6451420107746864","2877.751022099589","8281450.94519523","1487.5044432837276","0.8807134862192896","20","16","14"
"0.8857919758321718","0.3626675928207514","-2.821416819528768","2830.266376965146","8010407.7645794125","1463.447566865236","0.8857919758321718","20","16","14"
"0.8900499475622773","0.36966029975861375","-1.3709990308688351","2745.7158738892163","7538955.660127222","1470.0505287371634","0.8900499475622773","20","16","14"
"0.8863373749139893","0.35842752620978313","-3.1945330302419124","2820.47837116682","7955098.242219838","1446.6047241717552","0.8863373749139893","21","16","15"
"0.8870663770692022","0.3531027195746475","-2.3047697437715664","2825.8203938775932","7985260.898454515","1443.6499889562213","0.8870663770692022","21","16","15"
"0.8866896371784013","0.3520914478190358","-4.712054397165982","2805.7654998134917","7872320.039943653","1436.7283508632308","0.8866896371784013","21","16","15"
"0.8861920543637025","0.35530522708813256","-1.8108141261949853","2835.630752113508","8040801.762331821","1452.0651434561157","0.8861920543637025","21","16","15"
"0.8980409742142631","0.35563535083909825","-0.7952212679361285","2609.790255814054","6811005.179341985","1439.5775239663835","0.8980409742142631","21","16","15"
"0.8891160732995248","0.34626523795037867","-2.225540923809612","2797.7887045249586","7827621.635167447","1424.1003596863125","0.8891160732995248","22","16","16"
"0.8938089535733676","0.34283831086899796","2.2076294648454717","2702.593843753673","7304013.484295253","1419.357847802117","0.8938089535733676","22","16","16"
"0.8892667434758926","0.34140672757629575","-2.08113340952438","2780.4760550645274","7731047.092787197","1420.6590451557017","0.8892667434758926","22","16","16"
"0.8906474278455456","0.3380308275871352","-2.73881325659373","2756.0196504037444","7595644.313411578","1424.340542458902","0.8906474278455456","22","16","16"
"0.8863464855884946","0.3424512386441297","-2.8821431858443582","2799.930762646536","7839612.275614413","1424.7996682425103","0.8863464855884946","22","16","16"
"0.890610875476495","0.3309804510280217","-0.3873068179963943","2762.94602345625","7633870.728532704","1404.4522215972888","0.890610875476495","23","16","17"
"0.8895266681668346","0.33226727131942296","-4.124313442030929","2780.6312836876236","7731910.335822282","1409.30736522489","0.8895266681668346","23","16","17"
"0.8967098401534452","0.33526710021553446","-4.503077904960728","2670.62654750772","7132246.156253003","1412.1961636620983","0.8967098401534452","23","16","17"
"0.8879983024874931","0.3349230623513909","-0.7642946989492212","2787.598977265496","7770708.058051641","1414.0659166800467","0.8879983024874931","23","16","17"
"0.8911669884839949","0.33145578599674286","-0.6957040262230376","2748.764033135053","7555703.709856883","1406.3822918190592","0.8911669884839949","23","16","17"
"0.8926078677418086","0.3257256837036188","-1.6680858162205379","2730.8445189544354","7457511.786703482","1394.2094040514023","0.8926078677418086","24","16","18"
"0.8904228103299842","0.3278449765210955","2.94819881175981","2777.6145854492374","7715142.78530034","1400.1030436681053","0.8904228103299842","24","16","18"
"0.8875738636379001","0.32707918128906804","-0.6367315347531076","2803.654957315684","7860481.119680811","1403.062547429917","0.8875738636379001","24","16","18"
"0.8880934414610439","0.32568376530584453","-5.205872563583971","2804.0274470019276","7862569.923540147","1409.5135898382514","0.8880934414610439","24","16","18"
"0.8985473463704077","0.3243705987496841","-3.7828766152534574","2618.851391466969","6858382.61058848","1385.9870290868223","0.8985473463704077","24","16","18"
"0.8889949495079432","0.325765951120196","-3.49831115037563","2790.387127006261","7786260.318562254","1397.836222911003","0.8889949495079432","25","16","19"
"0.8874604568893398","0.32177157988184296","-2.3099561199648573","2811.26879280799","7903232.225416093","1396.1504089300588","0.8874604568893398","25","16","19"
"0.8888141383910643","0.32146408715188995","-1.975092709415657","2797.429700858909","7825612.931247566","1395.4882405774845","0.8888141383910643","25","16","19"
"0.8939385358843525","0.3214274703029864","-5.852558803610037","2729.0896588843857","7447930.366229692","1397.2038413452358","0.8939385358843525","25","16","19"
"0.8981227521809265","0.321532618022685","-0.34480256010243227","2605.7548784199716","6789958.486409482","1376.2919708874801","0.8981227521809265","25","16","19"
"0.8951624292148415","0.3217193810747119","-0.8074965390195339","2677.4168868587763","7168561.18603654","1390.5411055554528","0.8951624292148415","26","16","20"
"0.894968183583191","0.3195774153632299","0.05322531313999962","2704.1347504970095","7312344.748845523","1386.8443497232965","0.894968183583191","26","16","20"
"0.88942728787292","0.32492751153905003","-2.079932403262534","2766.1555436657973","7651616.491753023","1395.4057409793368","0.88942728787292","26","16","20"
"0.8867464756158971","0.3201460623020434","-2.6202425666482894","2830.819124823449","8013536.917466197","1402.0308282855628","0.8867464756158971","26","16","20"
"0.8883267530428378","0.32072006200626263","-1.2224112763761332","2789.41142994951","7780816.125532969","1391.2896168309796","0.8883267530428378","26","16","20"
"0.8912664515932779","0.3167815834611228","-1.8695399494111833","2748.339114923173","7553367.890616691","1383.9630198485752","0.8912664515932779","27","16","21"
"0.8909348201783955","0.3211313102260357","0.6027703422732067","2744.876512589074","7534347.069363156","1389.2221389288618","0.8909348201783955","27","16","21"
"0.8901691062268938","0.31631758031395507","-1.828968367791865","2779.9914871253127","7728352.668489207","1387.0021460370644","0.8901691062268938","27","16","21"
"0.8908631362763193","0.312430306871695","2.0365045569276727","2764.3057533943665","7641386.298249195","1390.0556926615225","0.8908631362763193","27","16","21"
"0.894857381531586","0.3199109092547517","-1.371509342810373","2687.5874896538166","7223126.514543703","1393.3481741375422","0.894857381531586","27","16","21"
"0.894008965013537","0.31714918686332827","-1.0943523977692053","2720.0565898333507","7398707.851895838","1385.941629658111","0.894008965013537","28","16","22"
"0.8913815433987503","0.3165762484763809","-5.862186569109111","2738.660342633436","7500260.472313088","1387.5634649434899","0.8913815433987503","28","16","22"
"0.8892768697636271","0.3193986822146653","1.4037799978994911","2790.193530802486","7785179.939332043","1394.9787648588187","0.8892768697636271","28","16","22"
"0.8887951865273447","0.3127407062893663","0.19776893400244644","2781.935981823929","7739167.806966667","1383.3389399108576","0.8887951865273447","28","16","22"
"0.8926994694586863","0.3177010552918949","1.0428488247677046","2718.3792887909026","7389585.957727333","1386.6974643913509","0.8926994694586863","28","16","22"
"0.890067544342312","0.3149789049074937","-2.091204941973392","2778.8470425374767","7721990.8858192805","1386.3053128380693","0.890067544342312","29","16","23"
"0.8914277595200223","0.31471901471719743","0.3818124491125833","2766.7747636209942","7655042.592610009","1392.512309400756","0.8914277595200223","29","16","23"
"0.8913459351516293","0.3176755931508413","-3.1142724093370764","2736.5802338535213","7488871.3763177935","1388.8232783862672","0.8913459351516293","29","16","23"
"0.8968840163573121","0.31945325944116115","1.292528898392146","2661.254684294784","7082276.494680932","1383.4873582157195","0.8968840163573121","29","16","23"
"0.889538483033326","0.3137497142368754","-6.832136239292722","2766.2246518492802","7651998.824498672","1378.3667027714976","0.889538483033326","29","16","23"
"0.8875214368955603","0.36585295047607935","-3.686840599922817","2782.972388886512","7744935.317304698","1474.955818082774","0.8875214368955603","30","17","14"
"0.8866425462792483","0.3699806206787448","-0.4290391949323098","2822.1405331844603","7964477.18904267","1481.6240152236533","0.8866425462792483","30","17","14"
"0.8865522772411413","0.37052867903435666","-1.4228081112522293","2811.0878584156853","7902214.9477320835","1480.4226537360514","0.8865522772411413","30","17","14"
"0.8849182291663614","0.36513477454861604","-3.6355348793320954","2840.154609071507","8066478.2034301255","1474.5487116468412","0.8849182291663614","30","17","14"
"0.8838216159322523","0.37366843740019673","-3.8241253192714098","2826.428189106111","7988696.308173649","1476.3403386383375","0.8838216159322523","30","17","14"
"0.8889212839907588","0.35125304841956617","-0.5331764817747483","2774.409785168503","7697349.656038739","1437.9679023060753","0.8889212839907588","31","17","15"
"0.8864995654684573","0.3584855279656879","-3.9894826268445773","2822.4793043339837","7966389.423393648","1456.9505261877837","0.8864995654684573","31","17","15"
"0.8883952777292599","0.3578911478227278","-4.2157531025231165","2775.8681315872464","7705443.883961671","1458.479934676623","0.8883952777292599","31","17","15"
"0.8867894235926451","0.35517656876929593","0.354054346955994","2811.2450180820892","7903098.551691366","1453.20796972285","0.8867894235926451","31","17","15"
"0.884237893828779","0.35917541763650374","1.7864636353841585","2832.2600794187556","8021697.157469137","1452.2495222815442","0.884237893828779","31","17","15"
"0.8867469693916471","0.34497052804961753","-1.7693056287212148","2801.7572771051805","7849843.839811835","1429.2006423993487","0.8867469693916471","32","17","16"
"0.8905903653480484","0.3437644820499934","-1.7917235074198254","2771.4575989551295","7680977.222806132","1430.7277457296516","0.8905903653480484","32","17","16"
"0.8885770712454262","0.3476535539783875","2.7295042167740746","2784.9258772957655","7755812.1420315895","1429.5789414561407","0.8885770712454262","32","17","16"
"0.8906876324929811","0.34046100942993124","-1.2856818183486818","2753.0201502203","7579119.9475190025","1431.335304914052","0.8906876324929811","32","17","16"
"0.8877358455644103","0.3424842383389465","-0.04161522945696994","2786.683940865363","7765607.386276911","1423.8543782878608","0.8877358455644103","32","17","16"
"0.8926113377199928","0.334012977779532","0.2645310014875124","2748.9472792301463","7556711.143986824","1412.5230580024008","0.8926113377199928","33","17","17"
"0.8860352226759094","0.3312776851042494","-0.024129866617081386","2811.050217996665","7902003.328099098","1413.3466999334544","0.8860352226759094","33","17","17"
"0.8873871900180113","0.3347117053527591","-2.8585480606987876","2810.0629707985586","7896453.899853221","1420.3483001207373","0.8873871900180113","33","17","17"
"0.8917629584604553","0.3352227288527026","-0.9700342230608565","2744.989360935062","7534966.59164668","1422.0476071701792","0.8917629584604553","33","17","17"
"0.8875528508386732","0.3325787364827485","-2.624141833134275","2768.9891913856545","7667301.142010581","1408.4241611588936","0.8875528508386732","33","17","17"
"0.889915870340909","0.33151508386873424","-2.4920072908713635","2763.5519998132954","7637219.655672065","1409.9045391902346","0.889915870340909","34","17","18"
"0.8888410376851953","0.3250141202911994","-0.44851620455676156","2782.73950765239","7743639.167449464","1398.789866033604","0.8888410376851953","34","17","18"
"0.8906592980009744","0.3268202834747252","1.2181424409567434","2766.954838971874","7656039.080909868","1406.5529595887326","0.8906592980009744","34","17","18"
"0.8923774050268818","0.3295921016903411","-0.5059425399661981","2732.1626193963302","7464712.578826616","1413.7159903146976","0.8923774050268818","34","17","18"
"0.8860904228995826","0.32855835855565024","2.231736496129532","2807.814341450417","7883821.37605464","1408.2237386339727","0.8860904228995826","34","17","18"
"0.886815035307782","0.3244054292322606","-5.094328707263793","2819.670645207045","7950542.547442312","1406.8425892813127","0.886815035307782","35","17","19"
"0.895713428370325","0.326975325150843","0.18105784640136047","2690.226752229546","7237319.97841153","1405.6798052815036","0.895713428370325","35","17","19"
"0.8892860735806866","0.3230082926819138","-5.44741421402814","2778.2649948083335","7718756.38137735","1407.2087141970094","0.8892860735806866","35","17","19"
"0.8890218052722421","0.3261529413307448","-1.9189596137384881","2769.363286277344","7669373.011380849","1403.3394268343166","0.8890218052722421","35","17","19"
"0.8890125849353318","0.32468256836314824","-2.0766925582607665","2770.599693278524","7676222.66039505","1398.2249425707785","0.8890125849353318","35","17","19"
"0.8939218604047845","0.3185394907128892","-1.2653250386745056","2703.7213106946224","7310108.925904248","1394.0546346386532","0.8939218604047845","36","17","20"
"0.8907554093908754","0.32446201045895745","-3.0931359787280623","2758.0414412211844","7606792.591493427","1400.1782568213584","0.8907554093908754","36","17","20"
"0.8899604936909412","0.3212467700192533","-1.5887975421361789","2759.897938872275","7617036.632991432","1399.7181199692009","0.8899604936909412","36","17","20"
"0.891636933129395","0.3233961818574817","1.1468338914890026","2757.355875205773","7603011.422531795","1398.713850626742","0.891636933129395","36","17","20"
"0.8861325000694054","0.32166153437901657","-0.5619815691684167","2817.2375128254744","7936827.203671065","1399.9356858509304","0.8861325000694054","36","17","20"
"0.8911904911679815","0.323909969331761","-3.1517827264280216","2751.6346418934418","7571493.202468051","1401.600897627134","0.8911904911679815","37","17","21"
"0.8958825102163501","0.31756897887540547","1.0063685972602645","2685.290385923501","7210784.456733187","1388.9424019215483","0.8958825102163501","37","17","21"
"0.8870618563942373","0.3259838739777963","-5.27907323703184","2813.188543736184","7914029.78260851","1400.481117371161","0.8870618563942373","37","17","21"
"0.889442942274307","0.3151729445285094","-3.420272726037707","2772.775812744704","7688285.707742055","1394.7867844680138","0.889442942274307","37","17","21"
"0.8887141057611118","0.32003367066761745","-1.6660017150191015","2774.5254202798606","7697991.307779137","1399.5107700730446","0.8887141057611118","37","17","21"
"0.8875414282029229","0.3198639623135138","0.8937744871220975","2786.3905171092224","7763972.113836199","1396.5414316966628","0.8875414282029229","38","17","22"
"0.8863453208879087","0.31717926211608377","-3.28148136805943","2824.314782483695","7976753.9905559225","1395.790560850249","0.8863453208879087","38","17","22"
"0.8900161569679627","0.3136415386975044","-1.3525237153158631","2754.539993996034","7587490.57852367","1391.0435732822145","0.8900161569679627","38","17","22"
"0.8954680491425878","0.32075768522613307","-1.9045685396629084","2690.8127900071936","7240473.470866298","1410.3978341114073","0.8954680491425878","38","17","22"
"0.8878391926518657","0.31951123456637237","-2.642507088587903","2805.04690853099","7868288.159059266","1394.9933454679638","0.8878391926518657","38","17","22"
"0.8917795398029575","0.3157695444498195","-3.5534121534834435","2726.2479091064556","7432427.661907322","1393.3266426882485","0.8917795398029575","39","17","23"
"0.8892267988334697","0.3197280120061487","-2.1816449551110346","2787.508922549198","7770205.993291389","1398.2748672169685","0.8892267988334697","39","17","23"
"0.8906666649788433","0.3221637589915569","0.4652016928059477","2748.735351296538","7555546.031467301","1396.8917544946842","0.8906666649788433","39","17","23"
"0.8874898072079014","0.31585313688595773","1.3408642818069776","2815.3932752540577","7926439.294345769","1397.119540842542","0.8874898072079014","39","17","23"
"0.8925342533867449","0.31784554941458093","0.5383272941441388","2727.9874373845973","7441915.4585281825","1390.9720605210534","0.8925342533867449","39","17","23"
"0.8831963366953212","0.3680572675662303","0.2739796227660788","2869.6920016400786","8235132.18427704","1475.2988639148505","0.8831963366953212","40","18","14"
"0.8882035534016749","0.37537095972194595","-0.08656802340587294","2774.1359295475186","7695830.155606476","1490.1095239489596","0.8882035534016749","40","18","14"
"0.8827514661985906","0.367265800377681","-2.113322235887334","2859.9800493512953","8179485.882687436","1479.0574158431443","0.8827514661985906","40","18","14"
"0.8886508373647399","0.37868002694079406","0.9977255757450316","2772.081531375386","7684436.016592504","1489.0561749653818","0.8886508373647399","40","18","14"
"0.8806483270848469","0.37565828222653513","-4.15449540067655","2880.383631964878","8296609.867291181","1486.5413757205931","0.8806483270848469","40","18","14"
"0.8883524354000317","0.35729298317585917","-3.1333979141928796","2781.060570221815","7734297.895242487","1451.6649792997198","0.8883524354000317","41","18","15"
"0.8831868427619333","0.3528216142967671","-0.6088515916315178","2843.420566199504","8085040.516286306","1455.5274157209067","0.8831868427619333","41","18","15"
"0.8855988826695406","0.35673999955771596","-2.572693892253328","2829.1321957003697","8003988.980748395","1456.0313221865538","0.8855988826695406","41","18","15"
"0.8884066086123432","0.3545022361118703","0.22999815901610537","2788.9705604624123","7778356.787126022","1451.7225136576926","0.8884066086123432","41","18","15"
"0.8841300149512376","0.3527840835810381","-0.42059826127864164","2837.2772575765543","8050142.236361134","1457.8771035413893","0.8841300149512376","41","18","15"
"0.8893401243236442","0.3402913807165012","1.0204180522095505","2761.7935124349506","7627503.405327781","1423.5127681372805","0.8893401243236442","42","18","16"
"0.8831014765193599","0.3461163282643655","-0.8135297523023761","2869.948274282711","8236603.09705831","1441.8696168556116","0.8831014765193599","42","18","16"
"0.8848988570617555","0.34636860431699135","-6.073430125690477","2855.286733565454","8152662.33087488","1442.718608070567","0.8848988570617555","42","18","16"
"0.8865676567700813","0.34269531557826505","-2.806685122362655","2801.8484701554867","7850354.84971264","1440.0808895018863","0.8865676567700813","42","18","16"
"0.8949337655675119","0.34723372678421555","-1.348580364481686","2676.9595207432267","7166112.275697805","1433.0811809091595","0.8949337655675119","42","18","16"
"0.8871392185057545","0.33775219270492846","-1.9874801495358283","2790.1176695459303","7784756.609912414","1423.0495611827355","0.8871392185057545","43","18","17"
"0.8908193453939459","0.3408432605221144","-1.247339101957783","2760.4472532971827","7620069.03823596","1434.6148928728137","0.8908193453939459","43","18","17"
"0.8881922391631292","0.3328093252259468","4.719587465024728","2791.2905803243225","7791303.103807294","1412.6528635464908","0.8881922391631292","43","18","17"
"0.8878623034487644","0.3376827097759377","-1.3100406285750987","2798.3397184298037","7830705.179741793","1433.8603950406641","0.8878623034487644","43","18","17"
"0.8861254481180636","0.33679745978174536","-0.8854702880581922","2810.0361733951595","7896303.295789311","1426.6472974653004","0.8861254481180636","43","18","17"
"0.8842724591489761","0.3333511524036064","-2.5570712269065248","2838.2833234314303","8055852.224068964","1423.0389933507595","0.8842724591489761","44","18","18"
"0.8919510276197177","0.33196599841229624","-0.27875691401587877","2730.3889004659627","7455023.54778773","1417.6903577226633","0.8919510276197177","44","18","18"
"0.8873380763574422","0.32874704527062687","-0.7286517275769571","2810.4891495526663","7898849.259753269","1415.533973041502","0.8873380763574422","44","18","18"
"0.8852837845264865","0.33352759075047866","-3.483870865495373","2827.3106204580204","7993685.344554717","1418.8507528666262","0.8852837845264865","44","18","18"
"0.8896918243266474","0.3275914850291837","0.49802798194180076","2763.449535615907","7636653.33589577","1412.437346802182","0.8896918243266474","44","18","18"
"0.8865142385423447","0.3291259661367757","-1.575047305325215","2799.8385983119415","7839096.176597377","1408.8135341006753","0.8865142385423447","45","18","19"
"0.8850010366264557","0.3229446077139152","-1.464731169697512","2846.2986741288746","8101416.142347789","1415.3391735499758","0.8850010366264557","45","18","19"
"0.8904278888168793","0.32518296142471664","-2.3011694195436934","2758.838273373886","7611188.618632603","1403.030262355449","0.8904278888168793","45","18","19"
"0.8919961042540053","0.32683630522421936","-0.6941153864020768","2747.4139856935117","7548283.608784308","1412.3212842129763","0.8919961042540053","45","18","19"
"0.8873870578617917","0.3227014723432788","-5.439725158130489","2782.5520968587984","7742596.1717332965","1409.8972389411238","0.8873870578617917","45","18","19"
"0.8880700490576887","0.3216458107420755","0.7856506568082005","2804.0010984291607","7862422.15999194","1408.239258455101","0.8880700490576887","46","18","20"
"0.8873208472076485","0.32415978861719585","-0.0895032564718764","2809.0699841077044","7890874.175614859","1415.2777249835367","0.8873208472076485","46","18","20"
"0.896497911323226","0.3224233167663165","-2.0081269150716627","2653.664210039503","7041933.73964458","1403.9673751519986","0.896497911323226","46","18","20"
"0.8869264020061004","0.3228645630289558","1.218691986542148","2814.808831734726","7923148.759211813","1405.7334877432324","0.8869264020061004","46","18","20"
"0.8847860697107369","0.32250688221607393","-1.6449961969919857","2824.597688747056","7978352.1032752115","1403.774310272225","0.8847860697107369","46","18","20"
"0.8873672014020842","0.31857433732644325","-3.3903440147015345","2811.6787991833535","7905537.669777144","1405.9186224010189","0.8873672014020842","47","18","21"
"0.8910074422092816","0.3187408005655574","-0.878445105291064","2764.838007026262","7644329.205096952","1401.674286030933","0.8910074422092816","47","18","21"
"0.8826863907791075","0.32395715113086093","1.035199662505114","2852.08486827492","8134388.095842769","1412.5318363450901","0.8826863907791075","47","18","21"
"0.8901104295936104","0.320066973749774","0.33972874928130486","2768.646075432208","7665401.091006166","1402.421208609809","0.8901104295936104","47","18","21"
"0.8942873795089936","0.31951720459740446","-3.592816002245904","2685.2658124492345","7210652.483508647","1396.428920876652","0.8942873795089936","47","18","21"
"0.8902272041798532","0.3196864672249069","-1.7034627560302658","2752.815733203273","7577994.460971474","1400.9892253034918","0.8902272041798532","48","18","22"
"0.8874692453592303","0.32034325853509593","-1.4025084738737332","2805.46444161413","7870630.733161282","1409.2635965577656","0.8874692453592303","48","18","22"
"0.8877793124698403","0.3193504513996474","-1.5475105743082287","2799.720254837706","7838433.505348508","1399.3459599484438","0.8877793124698403","48","18","22"
"0.8897539933783684","0.31560436453926577","-3.548117312610702","2778.676005965261","7721040.3461270565","1403.7839175120716","0.8897539933783684","48","18","22"
"0.8904143989607413","0.32040265257062633","-1.0482306264389925","2745.183762587585","7536033.89037453","1396.4497671635665","0.8904143989607413","48","18","22"
"0.8909190845230592","0.31653437217726377","-2.7806197731805438","2749.319527474545","7558757.864152854","1401.7819816856547","0.8909190845230592","49","18","23"
"0.890514614446656","0.3225898611097151","-2.348010085027657","2744.0087786242525","7529584.177166961","1412.0346064461594","0.890514614446656","49","18","23"
"0.8876411893610442","0.3174334381006969","-1.0308219887177457","2812.9427831615308","7912647.101340538","1397.9325115049867","0.8876411893610442","49","18","23"
"0.8864952517639192","0.3170326477185442","-3.58186025751959","2816.3410824449843","7931777.092667385","1405.0780742500335","0.8864952517639192","49","18","23"
"0.8876137443770976","0.32171703015371494","-2.7840533824033122","2789.9494162232954","7783817.745084707","1404.5175249575332","0.8876137443770976","49","18","23"
"0.8881737463626163","0.3718238155022399","-0.7564632768429138","2766.3205420673075","7652529.341463562","1486.796931627541","0.8881737463626163","50","19","14"
"0.8813735032066127","0.3666729474140299","0.8690643423579265","2887.7337065781626","8339005.9601076525","1486.3712172246424","0.8813735032066127","50","19","14"
"0.8833640629169959","0.371791386220723","0.34459559861416317","2853.145152293339","8140437.26005498","1491.8820513546132","0.8833640629169959","50","19","14"
"0.8803660246561595","0.3680930564193789","-2.6728059935267736","2906.550879737814","8448038.016504658","1486.5526025931397","0.8803660246561595","50","19","14"
"0.8851230468231375","0.37085815404332395","0.49034744587786505","2804.9974220493355","7868010.537703418","1484.431244473863","0.8851230468231375","50","19","14"
"0.885938604578421","0.3532647632415606","0.292731152564267","2825.6059652698896","7984049.070968785","1460.9086961606026","0.885938604578421","51","19","15"
"0.8828880475476947","0.3509241176262884","-0.7930417204414961","2865.435073139743","8210718.158379365","1455.001198675102","0.8828880475476947","51","19","15"
"0.8859485251107674","0.3560069461483731","-4.355834780629849","2823.7101396227486","7973338.952608322","1456.6235146183842","0.8859485251107674","51","19","15"
"0.8848630570031836","0.3553414862558872","-2.626465798839205","2839.462642500944","8062548.098158444","1463.804062610611","0.8848630570031836","51","19","15"
"0.8900772249934775","0.3514966220834865","-0.04290294122239294","2725.582500961829","7428799.9695493365","1441.7889021432602","0.8900772249934775","51","19","15"
"0.886510663276796","0.3483850770276168","-2.0994622265300076","2811.0752525996754","7902144.075778329","1445.6085060612513","0.886510663276796","52","19","16"
"0.8907693151170282","0.34173216074011015","-0.6581257955011546","2744.099862980773","7530084.058011098","1434.7293884386265","0.8907693151170282","52","19","16"
"0.8874666191025281","0.3492072208923522","0.6856703547227561","2794.5878857033267","7809721.45091979","1447.033927580751","0.8874666191025281","52","19","16"
"0.8815674242891657","0.3426936601598035","-0.8479454801608047","2883.8139830222067","8316383.088674404","1457.2022807968162","0.8815674242891657","52","19","16"
"0.8801087990541774","0.3450011164071983","-6.587243023743717","2885.4139132132486","8325613.450564592","1443.6684807548718","0.8801087990541774","52","19","16"
"0.8840541091318973","0.3325141609662444","-1.90395225828248","2837.1290452454045","8049301.2193751","1429.6230183160344","0.8840541091318973","53","19","17"
"0.8836733195671971","0.3345649467369803","-1.319253944295215","2855.0099017368802","8151081.53901563","1436.6954237071084","0.8836733195671971","53","19","17"
"0.88216373901645","0.3397191228719865","-1.095776611238458","2867.1835558914436","8220741.543174303","1434.9059181154896","0.88216373901645","53","19","17"
"0.8919069556972938","0.3354185700106944","1.5388501324360329","2737.23645596128","7492463.41584347","1433.018209471751","0.8919069556972938","53","19","17"
"0.8892506993756063","0.33693358278511537","-0.34389192886949915","2765.5137250505018","7648066.163442703","1428.1054283690223","0.8892506993756063","53","19","17"
"0.8856555574873665","0.33489445753150987","-2.3853415350464253","2821.8985163583675","7963111.236625556","1432.9039078966312","0.8856555574873665","54","19","18"
"0.8835744376355633","0.33765832520204586","0.19061272777703783","2857.1493971014997","8163302.677357462","1435.139468994744","0.8835744376355633","54","19","18"
"0.8864062547128173","0.32905802259744543","-0.49968853648049283","2820.3224971674836","7954218.98802903","1416.5742544153143","0.8864062547128173","54","19","18"
"0.889545206713708","0.3326744528611019","-2.262400499732852","2756.461860389722","7598081.9877831675","1422.4846660201067","0.889545206713708","54","19","18"
"0.8880328262079646","0.3323048094797108","-1.797144787108011","2780.7414227337376","7732522.860107252","1420.8071854783427","0.8880328262079646","54","19","18"
"0.8841061771679075","0.3287616425765735","-1.7299388960491446","2843.3918911865535","8084877.446865445","1425.0255830348015","0.8841061771679075","55","19","19"
"0.8916767637562003","0.32944567701530075","-0.3556117637539406","2722.081935998515","7409730.066289422","1421.8920664075297","0.8916767637562003","55","19","19"
"0.8850056995038905","0.32839450586581304","0.5708532606232135","2841.182384615835","8072317.342651322","1421.8909208503687","0.8850056995038905","55","19","19"
"0.884118880796972","0.326224302655606","-0.7076791588350304","2839.0774640139853","8060360.846672081","1421.6505821260123","0.884118880796972","55","19","19"
"0.887543157441121","0.3231764330539608","0.39103424137289733","2799.8948290575267","7839411.053783078","1414.72262734767","0.887543157441121","55","19","19"
"0.8943697421880386","0.32023578137945696","-1.0395552490793514","2700.9902645163916","7295348.409012328","1402.7927183107902","0.8943697421880386","56","19","20"
"0.8847261884220787","0.3220686079104471","-2.630442514183808","2836.0144326347895","8042977.862112826","1415.2150233229686","0.8847261884220787","56","19","20"
"0.8853301067207711","0.3272670947749125","-0.7670502373985507","2820.1836729900965","7953435.949399913","1420.503901940696","0.8853301067207711","56","19","20"
"0.8856230230328337","0.32460960564866126","-3.4070437190649887","2829.495440981954","8006044.45053766","1417.2905987142058","0.8856230230328337","56","19","20"
"0.8858090497036354","0.3217690345694815","-4.48940964222463","2815.8387394883184","7928947.806803162","1416.338697798848","0.8858090497036354","56","19","20"
"0.8829727491472569","0.3216289817616535","-1.3289924675887184","2863.8930581219934","8201883.448359342","1412.1320193022152","0.8829727491472569","57","19","21"
"0.8917848857033533","0.32292880810458974","-2.146364050799599","2741.6041752419455","7516393.453704069","1410.0538955051172","0.8917848857033533","57","19","21"
"0.8855734963225278","0.31800269590240665","-2.2279555801320448","2818.426806304503","7943529.662495798","1411.285816845165","0.8855734963225278","57","19","21"
"0.891044812361274","0.3206708549379323","-0.3799604369727516","2743.7736538702834","7528293.863672685","1421.2192486850024","0.891044812361274","57","19","21"
"0.8812454052983361","0.32579848464914346","-1.9005719707599056","2874.3309116250107","8261778.1895230645","1418.5672574066189","0.8812454052983361","57","19","21"
"0.8843940279795827","0.32628033262633455","-1.189329363803652","2827.1835355594135","7992966.743738227","1421.8034769681963","0.8843940279795827","58","19","22"
"0.8889946697552019","0.3212522394805004","-2.2514197583131175","2769.5523564550995","7670420.255145995","1406.3641782626958","0.8889946697552019","58","19","22"
"0.8883741629283809","0.3215232195924898","-3.2973787038946827","2793.1162704241738","7801498.500108246","1407.9488482611775","0.8883741629283809","58","19","22"
"0.88429484649937","0.3254991302391859","-1.3873237109704881","2848.923782121237","8116366.716335972","1422.879565878017","0.88429484649937","58","19","22"
"0.8900787730428229","0.32105318138674377","0.8211167473381831","2761.0703805602443","7623509.646407091","1410.8675244900253","0.8900787730428229","58","19","22"
"0.8858927510222502","0.3256731122880097","-3.043363059597566","2815.673556706434","7928017.5779358605","1414.689652990213","0.8858927510222502","59","19","23"
"0.8846597407626846","0.31823230801484775","-1.7164415157752697","2851.3792150387976","8130363.427955269","1411.8811900397939","0.8846597407626846","59","19","23"
"0.8857554784195169","0.32091065657215906","-1.8919838050129136","2819.6265337502678","7950293.789828551","1416.6038044773968","0.8857554784195169","59","19","23"
"0.8853789775503588","0.3187864066886571","-5.520150042239826","2835.46556668809","8039864.979873811","1420.3734708284262","0.8853789775503588","59","19","23"
"0.8902809799346401","0.3254705342989578","-3.8632563336580152","2729.9797713233534","7452789.55183471","1406.9747395188615","0.8902809799346401","59","19","23"
"0.8811282172615069","0.3713143503234046","-0.9205644451080819","2876.37277807832","8273520.358469993","1484.7695144073257","0.8811282172615069","60","20","14"
"0.8783547199033708","0.370835222557366","-0.727992103580547","2915.0430139603554","8497475.773239074","1497.584256003118","0.8783547199033708","60","20","14"
"0.8790685481379416","0.3679207807379835","-1.744311210018707","2915.6010433156557","8500729.44378334","1491.4695796773822","0.8790685481379416","60","20","14"
"0.8840140409409161","0.37137963465182444","-1.857289456597168","2849.42463247234","8119220.736140129","1495.9934450085286","0.8840140409409161","60","20","14"
"0.8902902182073311","0.3744852978351993","0.289086758082739","2728.9099148498285","7446949.3233656995","1485.9509836699003","0.8902902182073311","60","20","14"
"0.8818111249957982","0.3513760232339883","-1.8761539606868283","2876.6180624779336","8274931.477374301","1458.081609229977","0.8818111249957982","61","20","15"
"0.8774879381634726","0.3593087494771702","-2.8502162913067104","2930.292021291344","8586611.33004371","1474.2967211132182","0.8774879381634726","61","20","15"
"0.8796178001251488","0.35829316030544883","0.13908963095641053","2891.307605356547","8359659.668792609","1473.645405425849","0.8796178001251488","61","20","15"
"0.8844948974259463","0.3626379282490754","-0.36419807516135655","2846.738836932483","8103922.005699705","1478.8513775534293","0.8844948974259463","61","20","15"
"0.8919889327958146","0.35114331566825996","-3.911191134251389","2708.5667793503544","7336333.998200352","1452.843031811899","0.8919889327958146","61","20","15"
"0.8826540357075675","0.34957233723050823","0.8845226252833053","2883.8275548702545","8316461.366228951","1460.7909540525845","0.8826540357075675","62","20","16"
"0.885818200174906","0.34559342483707867","-0.4168586004456897","2811.174885880373","7902704.239004527","1455.9226273639763","0.885818200174906","62","20","16"
"0.8833232522948214","0.34750143274218975","-1.3304574552419026","2838.407608060539","8056557.7494959505","1449.5814081879616","0.8833232522948214","62","20","16"
"0.8825562233451738","0.3512892822260822","0.9881325261974829","2870.733370752715","8241110.085953245","1454.3209412542633","0.8825562233451738","62","20","16"
"0.8877310944153101","0.34052117959007844","-1.319202857412736","2769.6357478807054","7670882.175938714","1438.7033136363223","0.8877310944153101","62","20","16"
"0.8856251506475022","0.3389208479824642","-4.873789430215146","2809.96878865983","7895924.593242393","1438.916777007972","0.8856251506475022","63","20","17"
"0.8852345097281741","0.3391970307902998","-2.0135060870474266","2821.789173943807","7962494.142186471","1438.3555532403939","0.8852345097281741","63","20","17"
"0.8893009980455509","0.3372689106632842","-1.0993178842884075","2779.4662345687825","7725432.549107965","1439.778650935572","0.8893009980455509","63","20","17"
"0.8827312481834753","0.34005281474626403","0.5956820917916927","2859.2743727800275","8175449.938836619","1444.2690196330254","0.8827312481834753","63","20","17"
"0.8823712381477965","0.33810127777006727","1.339450216514297","2863.559463189148","8199972.799220121","1432.9857744301314","0.8823712381477965","63","20","17"
"0.8896906091959271","0.33426102882244574","0.9666093931711035","2750.726912295553","7566498.546027027","1432.8127565030939","0.8896906091959271","64","20","18"
"0.8825518392839296","0.33134152536397726","-0.655816196739027","2859.5174435749996","8176840.0101097","1433.5345700243756","0.8825518392839296","64","20","18"
"0.8844268128603083","0.335260208436466","-2.036524240838954","2845.9053563674725","8099177.29740107","1435.0358456875178","0.8844268128603083","64","20","18"
"0.8824728751044945","0.3295268060374151","-4.050478596005499","2866.0115835372408","8214022.396969643","1429.9715755362222","0.8824728751044945","64","20","18"
"0.8879842070195858","0.33186877480982074","1.5124392626627354","2789.1298051342933","7779245.069888461","1422.619362692705","0.8879842070195858","64","20","18"
"0.8842991765686007","0.32626164198320534","-0.8222102077117955","2830.6001185485525","8012297.031127078","1423.2964216671576","0.8842991765686007","65","20","19"
"0.8908309698474791","0.32810445708594865","-2.4038989327331195","2731.632231552596","7461814.648457014","1423.663556577249","0.8908309698474791","65","20","19"
"0.8834429521861411","0.3265206771157861","-2.256451187459057","2856.1165737952033","8157401.883107651","1428.2557410591942","0.8834429521861411","65","20","19"
"0.8868914325214582","0.3271638623273035","-0.9817173739093418","2826.583862278303","7989576.330492128","1427.9655122889337","0.8868914325214582","65","20","19"
"0.8837123613647773","0.3320056761283001","-2.0768789348110066","2840.9579154340554","8071041.877267413","1432.3988453115471","0.8837123613647773","65","20","19"
"0.882042701462364","0.3261894369854272","-4.476266758382742","2852.968380397377","8139428.579547233","1426.577298221108","0.882042701462364","66","20","20"
"0.8828934949995504","0.32274674753097865","-0.23665562650744004","2867.402819744055","8221998.930676158","1430.986227853564","0.8828934949995504","66","20","20"
"0.8844557182477533","0.3279151585275609","-1.9934255062477109","2848.1263697506847","8111823.818069215","1420.8911715580925","0.8844557182477533","66","20","20"
"0.8890139806726695","0.3279651088697905","-1.4455074191268822","2786.549564963123","7764858.4779961705","1425.7866946322492","0.8890139806726695","66","20","20"
"0.8876660784891817","0.3291389943473263","-0.9177373573876423","2768.8639268628376","7666607.445482294","1426.4150748631573","0.8876660784891817","66","20","20"
"0.8864156711434962","0.32486818442576726","-3.525074003277155","2807.4609254186507","7881836.847752547","1426.8011104083505","0.8864156711434962","67","20","21"
"0.8818249191181254","0.3239466992391419","-2.1826670644621426","2885.4579588695437","8325867.6324035935","1429.223607054024","0.8818249191181254","67","20","21"
"0.8819014336797943","0.3261680612535067","-1.434423420379879","2872.310603345326","8250168.2020899905","1419.9357595975905","0.8819014336797943","67","20","21"
"0.8878629522252198","0.3273175219316031","-1.0348111637473962","2777.018260629652","7711830.419870539","1431.9191734732565","0.8878629522252198","67","20","21"
"0.885361104227804","0.32439616044291475","-0.7122185295074959","2815.6228981720915","7927732.304711007","1417.28057715662","0.885361104227804","67","20","21"
"0.8836483296717298","0.32632383862426323","-2.2936215373918225","2844.550125207226","8091465.414816444","1423.6637945467385","0.8836483296717298","68","20","22"
"0.8918513995301213","0.32324633164054056","0.35548217103585805","2727.2997926761545","7438164.159131396","1418.357135393438","0.8918513995301213","68","20","22"
"0.8827081557470431","0.3231840734238077","-0.691498835005149","2875.937334575961","8271015.552407882","1432.2385408436207","0.8827081557470431","68","20","22"
"0.8832576171771307","0.32229885946747816","-1.5373623027382162","2857.542573430052","8165549.558965245","1420.4948165307264","0.8832576171771307","68","20","22"
"0.8857559755101272","0.325554957137946","0.7357211104396533","2804.5398008913407","7865443.494783642","1423.4590058023437","0.8857559755101272","68","20","22"
"0.8857877870149811","0.3261030040048818","-2.7887345446899965","2806.0468070611964","7873898.683418335","1418.7294585813258","0.8857877870149811","69","20","23"
"0.8828275332837481","0.32215045720339286","0.25068556294253497","2862.7610572800672","8195400.871079289","1422.8618005346796","0.8828275332837481","69","20","23"
"0.8844731081046933","0.32271522918560885","-4.078717886369249","2850.619524140328","8126031.671410029","1427.5252703369156","0.8844731081046933","69","20","23"
"0.8855155161935955","0.3217690394898052","-2.1484051961541235","2822.4070042093276","7965981.2974098725","1425.6521609868228","0.8855155161935955","69","20","23"
"0.8891886296124061","0.3246199319513462","1.3492020028993204","2761.629818730615","7626599.2557020895","1414.858136975941","0.8891886296124061","69","20","23"
